batch_id,lot_no,strain_id,seed_lot_no,seed_volume_m3,seed_y30_kg,yield_y30_kg,n_records,time_start_h,time_end_h,data_completeness,has_process_variables,notes
B01,2592,167,2580,7.7,4799.4067,39453.5933,18,0,17,full_process,yes,
B02,2597,167,2580,7.7,4799.4067,39390.5933,17,0,16,full_process,yes,
B03,2593,167,2580,7.7,4799.4067,39066.5933,18,0,17,full_process,yes,
B04,2599,167,2580,7.6,4737.0767,38892.2233,18,0,17,full_process,yes,airflow_m3_h > 40000 at end-of-batch hour(s); retained as recorded
B05,2598,167,2580,7.6,4737.0767,39068.9233,18,0,17,full_process,yes,volume_m3 values appear ~10x larger than peer batches; retained as recorded
B06,2602,167,2580,7.8,4861.7366,38383.8634,18,0,17,full_process,yes,
B07,2607,167,2580,7.8,4861.7366,38562.2634,18,0,17,full_process,yes,
B08,2608,167,2580,7.6,4737.0767,39455.7233,18,0,17,full_process,yes,
B09,2614,167,2596,7.4,4721.6451,38727.9549,18,0,17,full_process,yes,airflow_m3_h > 40000 at end-of-batch hour(s); retained as recorded
B10,2616,167,2596,7.3,4657.8391,39090.1609,18,0,17,full_process,yes,lot_no 2616 also appears as sparse batch B11 with the same yield header
B11,2616,167,2596,7.3,4657.8391,39090.1609,18,0,17,alcohol_sugar_biomass,no,same lot_no/yield header as full-process B10; treated as incomplete duplicate sheet
B12,2615,167,,,,,19,0,18,alcohol_sugar_biomass,no,yield_y30_kg missing in source sheet header
B13,2617,167,,,,,18,0,17,alcohol_sugar_biomass,no,yield_y30_kg missing in source sheet header
B14,2621,167,,,,,17,0,16,alcohol_sugar_biomass,no,yield_y30_kg missing in source sheet header
B15,2622,167,,,,,18,0,17,alcohol_sugar_biomass,no,yield_y30_kg missing in source sheet header
B16,2624,167,,,,,18,0,17,alcohol_sugar_biomass,no,yield_y30_kg missing in source sheet header
B17,2629,167,,,,,18,0,17,alcohol_sugar_biomass,no,yield_y30_kg missing in source sheet header
B18,2625,167,,,,,19,0,18,alcohol_sugar_biomass,no,yield_y30_kg missing in source sheet header
B19,2631,167,,,,,18,0,17,alcohol_sugar_biomass,no,yield_y30_kg missing in source sheet header
B20,2633,167,,,,,18,0,17,alcohol_sugar_biomass,no,yield_y30_kg missing in source sheet header
B21,2634,167,,,,,19,0,18,alcohol_sugar_biomass,no,yield_y30_kg missing in source sheet header
B22,2638,167,,,,,19,0,18,alcohol_sugar_biomass,no,yield_y30_kg missing in source sheet header
B23,2639,167,,,,,18,0,17,alcohol_sugar_biomass,no,yield_y30_kg missing in source sheet header
B24,2640,167,,,,,18,0,17,alcohol_sugar_biomass,no,yield_y30_kg missing in source sheet header
B25,2642,167,,,,,19,0,18,alcohol_sugar_biomass,no,lot_no 2642 appears in more than one sheet; yield_y30_kg missing in source sheet header; biomass_y30_kg=64448 at time_h=4 exceeds typical early-phase range; retained as recorded
B26,2642,167,,,,,19,0,18,alcohol_sugar_biomass,no,lot_no 2642 appears in more than one sheet; yield_y30_kg missing in source sheet header; biomass_y30_kg=64448 at time_h=4 exceeds typical early-phase range; retained as recorded
B27,2644,167,,,,,18,0,17,alcohol_sugar_biomass,no,yield_y30_kg missing in source sheet header
B28,2647,167,,,,,18,0,17,alcohol_sugar_biomass,no,yield_y30_kg missing in source sheet header
B29,2648,167,,,,,18,0,17,alcohol_sugar_biomass,no,yield_y30_kg missing in source sheet header
B30,2649,167,,,,,17,0,16,alcohol_sugar_biomass,no,yield_y30_kg missing in source sheet header
B31,2653,167,,,,,18,0,17,alcohol_sugar_biomass,no,yield_y30_kg missing in source sheet header
B32,2654,167,,,,,19,0,18,alcohol_sugar_biomass,no,yield_y30_kg missing in source sheet header
B33,2655,167,,,,,17,0,16,alcohol_sugar_biomass,no,yield_y30_kg missing in source sheet header
B34,2656,167,,,,,19,0,18,alcohol_sugar_biomass,no,yield_y30_kg missing in source sheet header
B35,2660,167,,,,,20,0,19,alcohol_sugar_biomass,no,yield_y30_kg missing in source sheet header
B36,2678,167,,,,,18,0,17,alcohol_sugar_biomass,no,yield_y30_kg missing in source sheet header
B37,2662,167,,,,,19,0,18,alcohol_sugar_biomass,no,yield_y30_kg missing in source sheet header
B38,2680,167,,,,,19,0,18,alcohol_sugar_biomass,no,yield_y30_kg missing in source sheet header
B39,2679,167,,,,,18,0,17,alcohol_sugar_biomass,no,yield_y30_kg missing in source sheet header
B40,2682,167,,,,,19,0,18,alcohol_sugar_biomass,no,yield_y30_kg missing in source sheet header
B41,2681,167,,,,,17,0,16,alcohol_sugar_biomass,no,yield_y30_kg missing in source sheet header
B42,2237,167,,,,,19,0,18,alcohol_sugar_biomass,no,yield_y30_kg missing in source sheet header
B43,2238,167,,,,,20,0,19,alcohol_sugar_biomass,no,yield_y30_kg missing in source sheet header
B44,2235,167,,,,,19,0,18,alcohol_sugar_biomass,no,yield_y30_kg missing in source sheet header
B45,2236,167,,,,,18,0,17,alcohol_sugar_biomass,no,yield_y30_kg missing in source sheet header
B46,2233,167,,,,,19,0,18,alcohol_sugar_biomass,no,yield_y30_kg missing in source sheet header
B47,2234,167,,,,,20,0,19,alcohol_sugar_biomass,no,yield_y30_kg missing in source sheet header
B48,2230,167,,,,,19,0,18,alcohol_sugar_biomass,no,yield_y30_kg missing in source sheet header
B49,2231,167,,,,,19,0,18,alcohol_sugar_biomass,no,yield_y30_kg missing in source sheet header
B50,2228,167,,,,,19,0,18,alcohol_sugar_biomass,no,yield_y30_kg missing in source sheet header
B51,2229,167,,,,,20,0,19,alcohol_sugar_biomass,no,yield_y30_kg missing in source sheet header
B52,2223,167,,,,,18,0,17,alcohol_sugar_biomass,no,yield_y30_kg missing in source sheet header; biomass_y30_kg=71101 at time_h=2 exceeds typical early-phase range; retained as recorded
B53,2227,167,,,,,18,0,17,alcohol_sugar_biomass,no,yield_y30_kg missing in source sheet header
B54,2222,167,,,,,18,0,17,alcohol_sugar_biomass,no,yield_y30_kg missing in source sheet header
B55,2224,167,,,,,19,0,18,alcohol_sugar_biomass,no,yield_y30_kg missing in source sheet header
B56,2216,167,,,,,19,0,18,alcohol_sugar_biomass,no,yield_y30_kg missing in source sheet header
B57,2221,167,,,,,19,0,18,alcohol_sugar_biomass,no,yield_y30_kg missing in source sheet header
B58,2214,167,,,,,19,0,18,alcohol_sugar_biomass,no,yield_y30_kg missing in source sheet header
B59,2215,167,,,,,18,0,17,alcohol_sugar_biomass,no,yield_y30_kg missing in source sheet header
B60,2212,167,,,,,21,0,20,alcohol_sugar_biomass,no,yield_y30_kg missing in source sheet header
B61,2213,167,,,,,20,0,19,alcohol_sugar_biomass,no,yield_y30_kg missing in source sheet header
