batch_id,lot_no,time_h,airflow_m3_h,volume_m3,ph,alcohol_vv_pct,cell_concentration_gpl,biomass_y30_kg,growth_modulus,sugar_feed_rate_kg_rs_h,total_fermentable_sugar_kg,remark,delta_alcohol,delta_growth_modulus,auto_growth_modulus
B01,2592,0,9470,89.5,4.96,0.194,59,5280.5,,,300,,-0.006,,
B01,2592,1,9053,89.6,4.49,0.226,64,5734.4,1.09,389,689,4,-0.024,-0.114042,1.085958
B01,2592,2,9726,91.1,3.96,0.203,78,7105.8,1.24,560,1249,5,-0.027,-0.160847,1.239153
B01,2592,3,11577,93.9,4.19,0.179,96,9014.4,1.27,717,1966,4.5,-0.021,-0.081403,1.268597
B01,2592,4,14065,96,4.38,0.13,128,12288,1.36,939,2905,2,-0.05,0.033152,1.363152
B01,2592,5,15897,99.5,4.82,0.165,155,15422.5,1.26,1208,4113,4,0.005,-0.044914,1.255086
B01,2592,6,16911,102.7,5.05,0.169,177,18177.9,1.18,1202,5315,4,0.029,-0.071339,1.178661
B01,2592,7,18581,105.4,5.53,0.139,202,21290.8,1.17,1248,6563,4,0.009,-0.038754,1.171246
B01,2592,8,19727,112.1,5.99,0.111,215,24101.5,1.13,1518,8081,4.5,-0.009,-0.057985,1.132015
B01,2592,9,19774,116.1,6.13,0.092,231,26819.1,1.11,1719,9800,3,-0.018,-0.057244,1.112756
B01,2592,10,18791,120.4,6.18,0.105,243,29257.2,1.09,1798,11598,3.5,0.005,-0.059091,1.090909
B01,2592,11,19918,124.8,6.35,0.119,258,32198.4,1.1,1794,13392,2,0.029,-0.029471,1.100529
B01,2592,12,20210,129.4,6.46,0.081,270,34938,1.09,1930,15322,3.5,0.001,-0.024915,1.085085
B01,2592,13,20048,134.5,6.6,0.101,290,39005,1.11,1806,17128,3.5,0.031,0.026406,1.116406
B01,2592,14,19874,139.2,6.75,0.057,297,41342.4,1.06,1885,19013,3,0.007,-0.010074,1.059926
B01,2592,15,19038,143.6,7.03,0.002,297,42649.2,1.03,1888,20901,2.5,-0.028,-0.018391,1.031609
B01,2592,16,14902,147.3,7.26,0.013,297,43748.1,1.03,1554,22455,2.5,0.003,0.005766,1.025766
B01,2592,17,5138,149,7.56,0.004,297,44253,1.01,545,23000,,-0.001,0.011541,1.011541
B02,2597,0,8920,89.2,4.94,0.208,61,5441,,,300,,0.008,,
B02,2597,1,9219,90.2,3.97,0.182,71,6404,1.18,528,828,4,-0.068,-0.02301,1.17699
B02,2597,2,10513,91.4,4.05,0.176,83,7586,1.18,657,1485,3.5,-0.054,-0.215428,1.184572
B02,2597,3,12942,94.6,4.25,0.157,125,11825,1.56,767,2252,4,-0.043,0.208793,1.558793
B02,2597,4,14761,96.8,4.5,0.138,151,14617,1.24,895,3147,3.5,-0.042,-0.09389,1.23611
B02,2597,5,16713,100.3,4.64,0.155,166,16650,1.14,1114,4261,3,-0.005,-0.160915,1.139085
B02,2597,6,17277,102.9,5.14,0.107,190,19551,1.17,1316,5577,4.5,-0.033,-0.075766,1.174234
B02,2597,7,19226,107.8,5.67,0.053,206,22207,1.14,1529,7106,3,-0.077,-0.07415,1.13585
B02,2597,8,19880,112.8,6.14,0.043,227,25606,1.15,1548,8654,3,-0.077,-0.03694,1.15306
B02,2597,9,20045,117.2,6.14,0.076,242,28362,1.11,1709,10363,2.5,-0.034,-0.062369,1.107631
B02,2597,10,20048,121.4,6.27,0.067,257,31200,1.1,1832,12195,3,-0.033,-0.049937,1.100063
B02,2597,11,20190,126.4,6.43,0.093,267,33749,1.08,1904,14099,2,0.003,-0.048301,1.081699
B02,2597,12,20070,131.2,6.46,0.069,276,36211,1.07,2105,16204,3,-0.011,-0.03705,1.07295
B02,2597,13,20006,135.9,6.5,0.067,288,39139,1.08,1957,18161,4,-0.003,-0.009141,1.080859
B02,2597,14,19808,140.8,6.61,0.042,290,40832,1.04,1960,20121,3,-0.008,-0.026744,1.043256
B02,2597,15,18190,144.8,6.66,0.059,296,42810,1.05,2194,22315,3,0.029,-0.001558,1.048442
B02,2597,16,5022,147.3,7.34,0.005,300,44190,1.03,685,23000,,-0.005,0.012235,1.032235
B03,2593,0,9106,88.7,5.08,0.191,57,5056,,,300,,-0.009,,
B03,2593,1,9202,89.7,3.91,0.177,70,6270,1.24,527,827,4,-0.073,0.040111,1.240111
B03,2593,2,10231,92.2,4.12,0.178,95,8759,1.19,616,1443,3,-0.052,-0.00303,1.39697
B03,2593,3,12507,92.3,4.31,0.11,133,12409,1.42,682,2125,2,-0.09,0.066714,1.416714
B03,2593,4,14556,96.1,4.61,0.107,147,14127,1.14,1022,3147,3,-0.073,-0.191552,1.138448
B03,2593,5,16536,98.7,4.88,0.087,169,16680,1.18,1063,4210,2,-0.073,-0.119282,1.180718
B03,2593,6,17166,102.3,5.32,0.08,189,19335,1.16,1229,5439,4,-0.06,-0.090827,1.159173
B03,2593,7,19446,107.8,6.03,0.056,211,22745,1.18,1404,6843,2.5,-0.074,-0.033636,1.176364
B03,2593,8,20118,112,6.34,0.086,228,25536,1.12,1607,8450,2.5,-0.034,-0.067292,1.122708
B03,2593,9,19889,115.5,6.29,0.089,243,28066,1.1,1591,10041,2,-0.021,-0.070924,1.099076
B03,2593,10,19947,119.8,6.3,0.086,256,30669,1.09,1792,11833,4,-0.014,-0.057254,1.092746
B03,2593,11,20426,123,6.4,0.109,270,33750,1.1,1967,13800,2,0.019,-0.02954,1.10046
B03,2593,12,20025,129.5,6.53,0.067,278,36001,1.07,1801,15601,2,-0.013,-0.043304,1.066696
B03,2593,13,20034,134.4,6.52,0.093,286,38438,1.07,1933,17534,2.5,0.023,-0.022307,1.067693
B03,2593,14,19721,139,6.89,0.044,293,40727,1.06,1712,19246,3,-0.006,-0.01045,1.05955
B03,2593,15,18726,143.7,7,0.024,294,42247,1.04,1769,21015,3,-0.006,-0.012678,1.037322
B03,2593,16,14892,147.2,7.44,0.016,295,43424,1.03,1452,22467,2,0.006,0.00786,1.02786
B03,2593,17,5061,148.7,7.6,0.004,295,43866,1.01,533,23000,,-0.001,0.010179,1.010179
B04,2599,0,8990,88.5,4.53,0.151,63,5575.5,,,300,,-0.049,,
B04,2599,1,9574,89.2,4.33,0.264,73,6511.6,1.17,692,992,3,0.014,-0.032105,1.167895
B04,2599,2,11280,91.2,4.44,0.229,82,7478.4,1.14,669,1661,3,-0.001,-0.251527,1.148473
B04,2599,3,13318,94.6,4.34,0.166,108,10216.8,1.36,770,2431,3,-0.034,0.016175,1.366175
B04,2599,4,15581,96.9,4.79,0.131,136,13178.4,1.29,1118,3549,2,-0.049,-0.040125,1.289875
B04,2599,5,16712,101,5.05,0.138,163,16463,1.25,1255,4804,2,-0.022,-0.050759,1.249241
B04,2599,6,17952,104,5.62,0.153,187,19448,1.18,1188,5992,2,0.013,-0.068684,1.181316
B04,2599,7,19384,109.4,5.98,0.113,204,22317.6,1.15,1338,7330,3,-0.017,-0.062448,1.147552
B04,2599,8,20015,113,6.14,0.119,220,24860,1.11,1601,8931,3,-0.001,-0.076081,1.113919
B04,2599,9,16696,117.3,6.2,0.087,235,27565.5,1.11,1753,10684,2,-0.023,-0.061171,1.108829
B04,2599,10,20067,121.6,6.27,0.393,250,30400,1.1,1728,12412,3,0.293,-0.047172,1.102828
B04,2599,11,20026,125.8,6.4,0.064,263,33085.4,1.09,1706,14118,3.5,-0.026,-0.041664,1.088336
B04,2599,12,20079,131.1,6.39,0.066,275,36052.5,1.09,1962,16080,3,-0.014,-0.02032,1.08968
B04,2599,13,20132,135.1,6.48,0.056,284,38368.4,1.06,1863,17943,3.5,-0.014,-0.025763,1.064237
B04,2599,14,19540,139.2,6.88,0.024,290,40368,1.05,1816,19759,3,-0.026,-0.017884,1.052116
B04,2599,15,18439,143.5,6.87,0.035,295,42332.5,1.05,2015,21774,3,0.005,-0.001335,1.048665
B04,2599,16,14931,146.9,7.18,0.025,297,43629.3,1.03,999,22773,2.5,0.015,0.010634,1.030634
B04,2599,17,49944,146.9,7.38,0.01,297,43629.3,1,127,22900,,0.005,0,1
B05,2598,0,9027,883,5.17,0.155,62,5475,,,300,,-0.045,,
B05,2598,1,8972,897,4.61,0.227,72,6458,1.18,508,808,3.5,-0.023,-0.020457,1.179543
B05,2598,2,10016,923,4.31,0.225,104,9599,1.49,606,1414,4,-0.005,0.086373,1.486373
B05,2598,3,12076,942,4.41,0.192,122,11492,1.2,741,2155,4,-0.008,-0.152792,1.197208
B05,2598,4,14267,961,4.55,0.146,140,13454,1.17,819,2974,3.5,-0.034,-0.159273,1.170727
B05,2598,5,16566,987,4.78,0.104,158,15595,1.16,1079,4053,3,-0.056,-0.140865,1.159135
B05,2598,6,17386,1020,5.23,0.088,176,17952,1.15,1400,5453,3.5,-0.052,-0.098862,1.151138
B05,2598,7,19026,1059,5.77,0.059,198,20968,1.17,1425,6878,2,-0.071,-0.041996,1.168004
B05,2598,8,19894,1122,6.16,0.079,213,23898,1.14,1780,8658,3,-0.041,-0.050263,1.139737
B05,2598,9,19794,1160,6.19,0.074,228,26448,1.1,1643,10301,3,-0.036,-0.063297,1.106703
B05,2598,10,20240,1206,6.2,0.076,245,29547,1.18,1884,12185,4,-0.024,-0.032827,1.117173
B05,2598,11,19463,1249,4.79,0.058,266,33223,1.12,1819,14004,3,-0.032,-0.005588,1.124412
B05,2598,12,19970,1283,6.48,0.043,278,35667,1.07,1900,15904,3.5,-0.037,-0.036437,1.073563
B05,2598,13,20100,1340,6.53,0.041,291,38994,1.09,1976,17880,3.5,-0.029,0.00328,1.09328
B05,2598,14,19913,1386,6.9,0.019,296,41025,1.05,1922,19802,3,-0.031,-0.017915,1.052085
B05,2598,15,18783,1430,6.89,0.072,298,42614,1.04,1810,21612,3,0.042,-0.011268,1.038732
B05,2598,16,13941,1467,7.22,0.018,298,43716,1.03,1215,22827,2,0.008,0.00586,1.02586
B05,2598,17,4990,1470,7.36,0.206,298,43806,1,231,23058,,0.201,0.002059,1.002059
B06,2602,0,9225,87.7,5.1,0.207,62,5437.4,,,300,,0.007,,
B06,2602,1,9310,90,4.62,0.25,71,6390,1.17,726,1026,5,0,-0.024806,1.175194
B06,2602,2,10734,92.4,4.18,0.232,91,8408.4,1.32,594,1620,2,0.002,-0.084131,1.315869
B06,2602,3,13067,92.8,4.15,0.195,115,10672,1.27,700,2320,3,-0.005,-0.080793,1.269207
B06,2602,4,15140,96.3,4.43,0.099,138,13289.4,1.25,892,3212,2,-0.081,-0.084741,1.245259
B06,2602,5,16675,99.3,4.78,0.107,164,16285.2,1.22,1185,4397,4,-0.053,-0.074572,1.225428
B06,2602,6,17702,102.2,5.32,0.126,183,18702.6,1.13,1246,5643,4,-0.014,-0.101558,1.148442
B06,2602,7,19265,106.1,5.88,0.116,204,21644.4,1.16,1475,7118,3,-0.014,-0.052706,1.157294
B06,2602,8,19942,111.2,6.1,0.093,221,24575.2,1.14,1543,8661,3,-0.027,-0.054593,1.135407
B06,2602,9,20064,115,6.1,0.04,233,26795,1.09,1597,10258,2.5,-0.07,-0.079673,1.090327
B06,2602,10,20309,120,6.23,0.087,250,30000,1.12,1980,12238,3,-0.013,-0.030388,1.119612
B06,2602,11,19925,123.8,6.33,0.064,264,32683.2,1.08,1715,13953,3,-0.026,-0.04056,1.08944
B06,2602,12,19948,127.9,6.4,0.031,277,35428.3,1.08,1841,15794,3,-0.049,-0.026009,1.083991
B06,2602,13,19920,132.4,6.64,0.009,288,38131.2,1.08,1819,17613,3,-0.061,-0.013708,1.076292
B06,2602,14,20892,137.2,6.61,0.017,293,40199.6,1.05,1813,19426,3.5,-0.033,-0.015756,1.054244
B06,2602,15,18662,141.7,7.25,0.017,294,41659.8,1.04,1887,21313,4,-0.013,-0.013676,1.036324
B06,2602,16,14936,144.7,7.46,0.012,296,42831.2,1.03,1306,22619,3.5,0.002,0.008118,1.028118
B06,2602,17,5018,146.1,7.62,0.005,296,43245.6,1.01,381,23000,,0,0.009675,1.009675
B07,2607,0,9362,88.7,4.22,0.2,59,5233.3,,,300,,0,,
B07,2607,1,9198,89.8,4.6,0.275,69,6196.2,1.18,611,911,4,0.025,-0.016005,1.183995
B07,2607,2,10109,92.8,4.12,0.26,90,8352,1.34,626,1537,4,0.03,-0.052077,1.347923
B07,2607,3,12443,93.3,4.03,0.135,121,11289.3,1.35,576,2113,2,-0.065,0.001688,1.351688
B07,2607,4,14895,95.8,4.27,0.049,143,13699.4,1.21,764,2877,3,-0.131,-0.116515,1.213485
B07,2607,5,16561,97.8,4.65,0.072,165,16137,1.18,1088,3965,3,-0.088,-0.122065,1.177935
B07,2607,6,17311,101.8,5.4,0.11,180,18324,1.14,1300,5265,3.5,-0.03,-0.114473,1.135527
B07,2607,7,19417,104.4,6,0.098,200,20880,1.14,1244,6509,3,-0.032,-0.070511,1.139489
B07,2607,8,20116,109.5,5.24,0.062,212,23214,1.11,1427,7936,3,-0.058,-0.078218,1.111782
B07,2607,9,20013,114.2,6.2,0.072,231,26380.2,1.14,1610,9546,3.5,-0.038,-0.033608,1.136392
B07,2607,10,20092,118.1,6.25,0.055,250,29525,1.12,1715,11261,4,-0.045,-0.030789,1.119211
B07,2607,11,20067,122.3,6.42,0.072,266,32531.8,1.1,1915,13176,3,-0.018,-0.028161,1.101839
B07,2607,12,19846,127,6.49,0.03,276,35052,1.08,1746,14922,3,-0.05,-0.032531,1.077469
B07,2607,13,20064,133.3,6.21,0.051,286,38123.8,1.07,1846,16768,3,-0.019,-0.002364,1.087636
B07,2607,14,19142,135.5,6.46,0.061,293,39701.5,1.06,1809,18577,4,0.011,-0.028616,1.041384
B07,2607,15,18837,139.8,6.81,0.019,294,41101.2,1.04,1761,20338,3,-0.011,-0.014744,1.035256
B07,2607,16,17578,142,6.94,0.015,295,41890,1.04,1888,22226,3,0.005,-0.000808,1.019192
B07,2607,17,4961,147.2,7.61,0.006,295,43424,1.02,825,23051,,0.001,0.03662,1.03662
B08,2608,0,9757,89.9,4.36,0.191,67,6023.3,,,300,,-0.009,,
B08,2608,1,9209,90.1,4.13,0.255,74,6667.4,1.11,469,769,4,0.005,-0.093065,1.106935
B08,2608,2,9983,91.5,4.09,0.178,93,8509.5,1.28,521,1290,3.5,-0.052,-0.123715,1.276285
B08,2608,3,12254,95,4.37,0.151,125,11875,1.4,734,2024,4,-0.049,0.045499,1.395499
B08,2608,4,14340,96.6,4.61,0.127,148,14296.8,1.2,946,2970,3.5,-0.053,-0.126059,1.203941
B08,2608,5,16504,100.5,4.96,0.145,161,16180.5,1.13,1227,4197,3,-0.015,-0.168243,1.131757
B08,2608,6,16551,103.3,5.39,0.127,180,18594,1.15,1121,5318,3.5,-0.013,-0.100839,1.149161
B08,2608,7,19050,107.7,5.83,0.141,200,21540,1.16,1306,6624,3,0.011,-0.051562,1.158438
B08,2608,8,19937,112.2,6.07,0.114,215,24123,1.12,1478,8102,3,-0.006,-0.070084,1.119916
B08,2608,9,19993,116.4,6.14,0.103,230,26772,1.11,1691,9793,3.5,-0.007,-0.060188,1.109812
B08,2608,10,19977,121,6.17,0.108,244,29524,1.1,1755,11548,4,0.008,-0.047206,1.102794
B08,2608,11,19981,124.8,6.36,0.096,260,32448,1.1,1730,13278,3.5,0.006,-0.030962,1.099038
B08,2608,12,19842,129.9,6.47,0.082,274,35592.6,1.1,1962,15240,4,0.002,-0.013088,1.096912
B08,2608,13,19969,134.7,6.52,0.086,283,38120.1,1.07,1815,17055,4,0.016,-0.018988,1.071012
B08,2608,14,19906,139.2,6.59,0.053,294,40924.8,1.07,1880,18935,3,0.003,0.003575,1.073575
B08,2608,15,18874,144.8,6.65,0.048,296,42860.8,1.05,2054,20989,3,0.018,-0.002694,1.047306
B08,2608,16,15089,148.3,7.11,0.028,296,43896.8,1.02,1527,22516,3,0.018,0.004171,1.024171
B08,2608,17,5001,149.3,7.75,0.003,296,44192.8,1,483,22999,,-0.002,0.006743,1.006743
B09,2614,0,9503,90,5.5,0.151,62,5580,,,300,,-0.049,,
B09,2614,1,9170,90.7,4.53,0.212,69,6258.3,1.12,526,826,4,-0.038,-0.078441,1.121559
B09,2614,2,10169,92.8,4.04,0.191,90,8352,1.33,521,1347,4,-0.039,-0.065452,1.334548
B09,2614,3,12200,94.4,3.98,0.134,121,11422.4,1.37,588,1935,3,-0.066,0.017625,1.367625
B09,2614,4,14408,96.3,4.22,0.102,142,13674.6,1.2,868,2803,3,-0.078,-0.132826,1.197174
B09,2614,5,16328,99.1,4.62,0.063,169,16747.9,1.22,1201,4004,3.5,-0.097,-0.075255,1.224745
B09,2614,6,17298,103.2,5.24,0.104,183,18885.6,1.13,1475,5479,3.5,-0.036,-0.12236,1.12764
B09,2614,7,19263,106.9,5.99,0.15,196,20952.4,1.11,1437,6916,3,0.02,-0.100562,1.109438
B09,2614,8,19866,112.4,6.27,0.116,213,23941.2,1.14,1406,8322,3.5,-0.004,-0.047353,1.142647
B09,2614,9,20040,115.7,6.26,0.093,224,25916.8,1.08,1561,9883,3.5,-0.017,-0.087481,1.082519
B09,2614,10,20132,120,6.26,0.039,240,28800,1.11,1772,11655,3,-0.061,-0.038752,1.111248
B09,2614,11,19944,125.1,6.33,0.021,258,32275.8,1.12,1981,13634,4,-0.069,-0.009312,1.120688
B09,2614,12,19962,129.6,6.49,0.023,271,35121.6,1.09,1973,15541,3,-0.057,-0.021829,1.088171
B09,2614,13,20054,134.7,6.56,0.014,279,37581.3,1.07,1814,17514,3,-0.056,-0.019966,1.070034
B09,2614,14,19976,139.4,6.86,0.01,288,40147.2,1.07,1807,19321,3,-0.04,-0.001724,1.068276
B09,2614,15,19236,144.1,7.03,0.017,292,42077.2,1.05,1834,21155,3,-0.013,-0.001927,1.048073
B09,2614,16,15046,147,7.22,0.012,292,42924,1.02,1387,22542,3,0.002,0.000125,1.020125
B09,2614,17,49992,148.8,7.36,0.005,292,43449.6,1.1,458,23000,,0,0.012245,1.012245
B10,2616,0,9567,89.1,5.65,0.148,59,5257,,,300,,-0.052,,
B10,2616,1,9115,89.9,4.85,0.259,73,6562,1.24,563,863,3.5,0.009,0.04824,1.24824
B10,2616,2,10460,92.4,4.21,0.243,99,9147,1.39,574,1437,4,0.013,-0.006065,1.393935
B10,2616,3,12456,93.4,3.98,0.195,113,10610,1.16,657,2094,3.5,-0.005,-0.190057,1.159943
B10,2616,4,14564,95.9,4.07,0.125,136,13042,1.23,877,2971,3.5,-0.055,-0.100782,1.229218
B10,2616,5,16457,98.9,4.45,0.105,154,15230,1.17,1132,4103,4,-0.055,-0.132234,1.167766
B10,2616,6,17244,102.1,5.02,0.133,180,18378,1.21,1243,5346,3.5,-0.007,-0.043303,1.206697
B10,2616,7,19098,105.4,5.64,0.112,190,20026,1.09,1267,6613,3,-0.018,-0.120328,1.089672
B10,2616,8,20045,110.7,5.99,0.108,207,22915,1.14,1433,8046,4,-0.012,-0.045738,1.144262
B10,2616,9,19885,114.7,6.06,0.115,217,24890,1.09,1569,9615,3,0.005,-0.083812,1.086188
B10,2616,10,20018,118.8,6.26,0.112,235,27918,1.12,1702,11317,4,0.012,-0.028345,1.121655
B10,2616,11,19975,123,6.34,0.097,247,30381,1.09,1889,13206,4,0.007,-0.041777,1.088223
B10,2616,12,19764,127.7,6.42,0.088,263,33385,1.11,2010,15216,4,0.008,-0.011122,1.098878
B10,2616,13,19644,132.7,6.51,0.089,276,36625,1.09,1954,17170,4,0.019,0.00705,1.09705
B10,2616,14,19876,137,6.76,0.035,287,39319,1.07,1801,18971,4,-0.015,0.003556,1.073556
B10,2616,15,18615,142.3,7.1,0.021,296,44121,1.07,1911,20882,2,-0.009,0.072129,1.122129
B10,2616,16,14698,146.1,7.37,0.026,296,43246,1.03,1518,22400,3,0.016,-0.039832,0.980168
B10,2616,17,4970,147.8,7.59,0.009,296,43748,1.01,600,23000,,0.004,0.011608,1.011608
B11,2616,0,,,,0.148,,5257,,,300,,-0.052,,
B11,2616,1,,,,0.259,,6562,,563,863,,0.009,0.04824,1.24824
B11,2616,2,,,,0.243,,9147,,574,1437,,0.013,-0.006065,1.393935
B11,2616,3,,,,0.195,,10610,,657,2094,,-0.005,-0.190057,1.159943
B11,2616,4,,,,0.125,,13042,,877,2971,,-0.055,-0.100782,1.229218
B11,2616,5,,,,0.105,,15230,,1132,4103,,-0.055,-0.132234,1.167766
B11,2616,6,,,,0.133,,18378,,1243,5346,,-0.007,-0.043303,1.206697
B11,2616,7,,,,0.112,,20026,,1267,6613,,-0.018,-0.120328,1.089672
B11,2616,8,,,,0.108,,22915,,1433,8046,,-0.012,-0.045738,1.144262
B11,2616,9,,,,0.115,,24890,,1569,9615,,0.005,-0.083812,1.086188
B11,2616,10,,,,0.112,,27918,,1702,11317,,0.012,-0.028345,1.121655
B11,2616,11,,,,0.097,,30381,,1889,13206,,0.007,-0.041777,1.088223
B11,2616,12,,,,0.088,,33385,,2010,15216,,0.008,-0.011122,1.098878
B11,2616,13,,,,0.089,,36625,,1954,17170,,0.019,0.00705,1.09705
B11,2616,14,,,,0.035,,39319,,1801,18971,,-0.015,0.003556,1.073556
B11,2616,15,,,,0.021,,44121,,1911,20882,,-0.009,0.072129,1.122129
B11,2616,16,,,,0.026,,43246,,1518,22400,,0.016,-0.039832,0.980168
B11,2616,17,,,,0.009,,43748,,600,23000,,0.004,0.011608,1.011608
B12,2615,0,,,,0.13,,5405,,,300,,,,
B12,2615,1,,,,0.274,,6586,,472,,,,,
B12,2615,2,,,,0.238,,7678,,514,,,,,
B12,2615,3,,,,0.202,,10252,,655,,,,,
B12,2615,4,,,,0.128,,12591,,862,,,,,
B12,2615,5,,,,0.109,,15267,,1096,,,,,
B12,2615,6,,,,0.155,,17574,,1148,,,,,
B12,2615,7,,,,0.155,,19678,,1256,,,,,
B12,2615,8,,,,0.138,,22680,,1282,,,,,
B12,2615,9,,,,0.133,,24651,,1440,,,,,
B12,2615,10,,,,0.104,,26653,,1475,,,,,
B12,2615,11,,,,0.091,,29088,,1636,,,,,
B12,2615,12,,,,0.07,,30974,,1848,,,,,
B12,2615,13,,,,0.043,,33904,,1902,,,,,
B12,2615,14,,,,0.05,,36719,,1826,,,,,
B12,2615,15,,,,0.016,,39032,,1786,,,,,
B12,2615,16,,,,0.012,,41674,,1857,,,,,
B12,2615,17,,,,0.01,,42923,,1279,,,,,
B12,2615,18,,,,0.005,,43333,,366,,,,,
B13,2617,0,,,,0.128,,5116,,,300,,,,
B13,2617,1,,,,0.211,,6408,,618,,,,,
B13,2617,2,,,,0.177,,8876,,531,,,,,
B13,2617,3,,,,0.143,,10916,,691,,,,,
B13,2617,4,,,,0.137,,12377,,916,,,,,
B13,2617,5,,,,0.129,,14963,,1091,,,,,
B13,2617,6,,,,0.123,,17688,,1141,,,,,
B13,2617,7,,,,0.11,,19855,,1298,,,,,
B13,2617,8,,,,0.096,,22974,,1403,,,,,
B13,2617,9,,,,0.09,,26080,,1539,,,,,
B13,2617,10,,,,0.084,,29289,,1833,,,,,
B13,2617,11,,,,0.141,,31546,,1679,,,,,
B13,2617,12,,,,0.11,,34047,,1711,,,,,
B13,2617,13,,,,0.064,,36792,,1847,,,,,
B13,2617,14,,,,0.06,,38675,,1958,,,,,
B13,2617,15,,,,0.071,,40513,,1609,,,,,
B13,2617,16,,,,0.034,,39820,,1924,,,,,
B13,2617,17,,,,0.011,,40590,,904,,,,,
B14,2621,0,,,,0.134,,5334,,,300,,,,
B14,2621,1,,,,0.224,,6335,,705,,,,,
B14,2621,2,,,,0.159,,8547,,535,,,,,
B14,2621,3,,,,0.159,,10925,,807,,,,,
B14,2621,4,,,,0.1,,12954,,927,,,,,
B14,2621,5,,,,0.081,,14385,,1230,,,,,
B14,2621,6,,,,0.083,,17609,,1420,,,,,
B14,2621,7,,,,0.079,,20862,,1455,,,,,
B14,2621,8,,,,0.084,,22385,,1786,,,,,
B14,2621,9,,,,0.156,,28536,,1630,,,,,
B14,2621,10,,,,0.156,,30751,,1591,,,,,
B14,2621,11,,,,0.117,,32918,,1762,,,,,
B14,2621,12,,,,0.12,,35748,,1864,,,,,
B14,2621,13,,,,0.051,,38775,,1941,,,,,
B14,2621,14,,,,0.071,,40384,,1746,,,,,
B14,2621,15,,,,0.05,,43068,,1846,,,,,
B14,2621,16,,,,0.003,,44459,,1455,,,,,
B15,2622,0,,,,0.13,,5340,,,300,,,,
B15,2622,1,,,,0.265,,5358,,376,,,,,
B15,2622,2,,,,0.35,,6335,,528,,,,,
B15,2622,3,,,,0.275,,10175,,536,,,,,
B15,2622,4,,,,0.156,,11635,,599,,,,,
B15,2622,5,,,,0.111,,14341,,1006,,,,,
B15,2622,6,,,,0.12,,16967,,1253,,,,,
B15,2622,7,,,,0.142,,19674,,1450,,,,,
B15,2622,8,,,,0.123,,22687,,1484,,,,,
B15,2622,9,,,,0.069,,25374,,1756,,,,,
B15,2622,10,,,,0.129,,28987,,1872,,,,,
B15,2622,11,,,,0.104,,32116,,1863,,,,,
B15,2622,12,,,,0.078,,34641,,1814,,,,,
B15,2622,13,,,,0.075,,37224,,1953,,,,,
B15,2622,14,,,,0.086,,39644,,1867,,,,,
B15,2622,15,,,,0.028,,41270,,1846,,,,,
B15,2622,16,,,,0.006,,43036,,1769,,,,,
B15,2622,17,,,,0.002,,43737,,728,,,,,
B16,2624,0,,,,0.2,,5006,,,300,,,,
B16,2624,1,,,,0.24,,6224,,459,,,,,
B16,2624,2,,,,0.235,,8725,,538,,,,,
B16,2624,3,,,,0.236,,10974,,650,,,,,
B16,2624,4,,,,0.173,,12985,,858,,,,,
B16,2624,5,,,,0.135,,14656,,989,,,,,
B16,2624,6,,,,0.138,,17065,,1202,,,,,
B16,2624,7,,,,0.102,,20266,,1245,,,,,
B16,2624,8,,,,0.081,,22685,,1544,,,,,
B16,2624,9,,,,0.088,,25207,,1731,,,,,
B16,2624,10,,,,0.128,,28197,,1654,,,,,
B16,2624,11,,,,0.144,,31374,,1703,,,,,
B16,2624,12,,,,0.121,,34060,,1698,,,,,
B16,2624,13,,,,0.117,,36990,,1725,,,,,
B16,2624,14,,,,0.085,,39672,,1740,,,,,
B16,2624,15,,,,0.047,,42394,,1831,,,,,
B16,2624,16,,,,0.076,,43925,,1801,,,,,
B16,2624,17,,,,0.006,,45051,,1322,,,,,
B17,2629,0,,,,0.141,,5352,,,300,,,,
B17,2629,1,,,,0.208,,6300,,433,,,,,
B17,2629,2,,,,0.162,,7328,,534,,,,,
B17,2629,3,,,,0.115,,10892,,641,,,,,
B17,2629,4,,,,0.072,,12441,,913,,,,,
B17,2629,5,,,,0.107,,15428,,1261,,,,,
B17,2629,6,,,,0.109,,18728,,1139,,,,,
B17,2629,7,,,,0.093,,21326,,1341,,,,,
B17,2629,8,,,,0.081,,24320,,1513,,,,,
B17,2629,9,,,,0.087,,27027,,1722,,,,,
B17,2629,10,,,,0.077,,29817,,1693,,,,,
B17,2629,11,,,,0.062,,33000,,1778,,,,,
B17,2629,12,,,,0.043,,36272,,1927,,,,,
B17,2629,13,,,,0.022,,38908,,1910,,,,,
B17,2629,14,,,,0.015,,42028,,1862,,,,,
B17,2629,15,,,,0.015,,43097,,2040,,,,,
B17,2629,16,,,,0.006,,43206,,1499,,,,,
B17,2629,17,,,,0.006,,43872,,494,,,,,
B18,2625,0,,,,0.144,,5245,,,300,,,,
B18,2625,1,,,,0.256,,6593,,394,,,,,
B18,2625,2,,,,0.25,,8299,,514,,,,,
B18,2625,3,,,,0.207,,10678,,595,,,,,
B18,2625,4,,,,0.185,,12874,,864,,,,,
B18,2625,5,,,,0.133,,15246,,1084,,,,,
B18,2625,6,,,,0.189,,18266,,1160,,,,,
B18,2625,7,,,,0.115,,20438,,1109,,,,,
B18,2625,8,,,,0.14,,23908,,1320,,,,,
B18,2625,9,,,,0.138,,25801,,1533,,,,,
B18,2625,10,,,,0.109,,28059,,1439,,,,,
B18,2625,11,,,,0.079,,30479,,1774,,,,,
B18,2625,12,,,,0.07,,35769,,1941,,,,,
B18,2625,13,,,,0.067,,37012,,1822,,,,,
B18,2625,14,,,,0.057,,39306,,1820,,,,,
B18,2625,15,,,,0.037,,41586,,1850,,,,,
B18,2625,16,,,,0.022,,43036,,1843,,,,,
B18,2625,17,,,,0.014,,43964,,1285,,,,,
B18,2625,18,,,,0.005,,44254,,383,,,,,
B19,2631,0,,,,0.167,,6066,,,300,,,,
B19,2631,1,,,,0.251,,7323,,438,,,,,
B19,2631,2,,,,0.177,,7783,,625,,,,,
B19,2631,3,,,,0.182,,11316,,823,,,,,
B19,2631,4,,,,0.129,,13728,,884,,,,,
B19,2631,5,,,,0.176,,16549,,1120,,,,,
B19,2631,6,,,,0.133,,19232,,1123,,,,,
B19,2631,7,,,,0.145,,21394,,1229,,,,,
B19,2631,8,,,,0.134,,23470,,1504,,,,,
B19,2631,9,,,,0.165,,26724,,1583,,,,,
B19,2631,10,,,,0.079,,29791,,1741,,,,,
B19,2631,11,,,,0.072,,32796,,1771,,,,,
B19,2631,12,,,,0.102,,35235,,1739,,,,,
B19,2631,13,,,,0.096,,37125,,1774,,,,,
B19,2631,14,,,,0.067,,39786,,1827,,,,,
B19,2631,15,,,,0.026,,48188,,1812,,,,,
B19,2631,16,,,,0.017,,43210,,1778,,,,,
B19,2631,17,,,,0.005,,43819,,929,,,,,
B20,2633,0,,,,0.209,,5447,,,300,,,,
B20,2633,1,,,,0.235,,6217,,532,,,,,
B20,2633,2,,,,0.213,,9296,,649,,,,,
B20,2633,3,,,,0.169,,11447,,729,,,,,
B20,2633,4,,,,0.13,,14312,,961,,,,,
B20,2633,5,,,,0.17,,16968,,1193,,,,,
B20,2633,6,,,,0.175,,19496,,1142,,,,,
B20,2633,7,,,,0.121,,22739,,1224,,,,,
B20,2633,8,,,,0.144,,24706,,1447,,,,,
B20,2633,9,,,,0.126,,26796,,1547,,,,,
B20,2633,10,,,,0.089,,29113,,1571,,,,,
B20,2633,11,,,,0.077,,32302,,1927,,,,,
B20,2633,12,,,,0.06,,35681,,2067,,,,,
B20,2633,13,,,,0.066,,38482,,1898,,,,,
B20,2633,14,,,,0.057,,40997,,1855,,,,,
B20,2633,15,,,,0.017,,42716,,1882,,,,,
B20,2633,16,,,,0.016,,44402,,1472,,,,,
B20,2633,17,,,,0.01,,44998,,598,,,,,
B21,2634,0,,,,0.159,,5487,,,300,,,,
B21,2634,1,,,,0.247,,6497,,426,,,,,
B21,2634,2,,,,0.188,,9370,,517,,,,,
B21,2634,3,,,,0.154,,11441,,653,,,,,
B21,2634,4,,,,0.114,,12946,,770,,,,,
B21,2634,5,,,,0.111,,15405,,1067,,,,,
B21,2634,6,,,,0.109,,17782,,1074,,,,,
B21,2634,7,,,,0.093,,20144,,1190,,,,,
B21,2634,8,,,,0.077,,22063,,1366,,,,,
B21,2634,9,,,,0.089,,24772,,1480,,,,,
B21,2634,10,,,,0.076,,27939,,1667,,,,,
B21,2634,11,,,,0.069,,30375,,1888,,,,,
B21,2634,12,,,,0.085,,33549,,1909,,,,,
B21,2634,13,,,,0.061,,37289,,1869,,,,,
B21,2634,14,,,,0.054,,39150,,1865,,,,,
B21,2634,15,,,,0.019,,41055,,1794,,,,,
B21,2634,16,,,,0.024,,42661,,1948,,,,,
B21,2634,17,,,,0.008,,43452,,1064,,,,,
B21,2634,18,,,,0.003,,43569,,153,,,,,
B22,2638,0,,,,0.165,,5327,,,300,,,,
B22,2638,1,,,,0.267,,5524,,238,,,,,
B22,2638,2,,,,0.233,,6570,,426,,,,,
B22,2638,3,,,,0.201,,9589,,600,,,,,
B22,2638,4,,,,0.145,,11483,,706,,,,,
B22,2638,5,,,,0.106,,13914,,926,,,,,
B22,2638,6,,,,0.116,,16265,,1207,,,,,
B22,2638,7,,,,0.095,,19712,,1336,,,,,
B22,2638,8,,,,0.053,,22411,,1532,,,,,
B22,2638,9,,,,0.116,,25348,,1730,,,,,
B22,2638,10,,,,0.141,,28440,,1320,,,,,
B22,2638,11,,,,0.087,,30353,,1441,,,,,
B22,2638,12,,,,0.083,,31802,,1548,,,,,
B22,2638,13,,,,0.074,,34476,,1773,,,,,
B22,2638,14,,,,0.074,,36987,,1800,,,,,
B22,2638,15,,,,0.052,,40310,,1888,,,,,
B22,2638,16,,,,0.053,,42802,,1774,,,,,
B22,2638,17,,,,0.044,,43926,,1660,,,,,
B22,2638,18,,,,0.009,,44666,,795,,,,,
B23,2639,0,,,,0.168,,5328,,,300,,,,
B23,2639,1,,,,0.247,,6615,,458,,,,,
B23,2639,2,,,,0.195,,7272,,564,,,,,
B23,2639,3,,,,0.2,,10528,,739,,,,,
B23,2639,4,,,,0.169,,13193,,902,,,,,
B23,2639,5,,,,0.14,,15537,,1208,,,,,
B23,2639,6,,,,0.121,,18830,,1265,,,,,
B23,2639,7,,,,0.094,,20826,,1525,,,,,
B23,2639,8,,,,0.149,,25356,,1777,,,,,
B23,2639,9,,,,0.124,,28104,,1413,,,,,
B23,2639,10,,,,0.111,,30487,,1610,,,,,
B23,2639,11,,,,0.102,,33402,,1821,,,,,
B23,2639,12,,,,0.061,,36065,,1952,,,,,
B23,2639,13,,,,0.085,,39179,,1859,,,,,
B23,2639,14,,,,0.052,,41330,,1816,,,,,
B23,2639,15,,,,0.03,,42857,,1903,,,,,
B23,2639,16,,,,0.024,,44222,,1265,,,,,
B23,2639,17,,,,0.008,,44760,,423,,,,,
B24,2640,0,,,,0.144,,5298,,,300,,,,
B24,2640,1,,,,0.246,,6490,,235,,,,,
B24,2640,2,,,,0.208,,7667,,405,,,,,
B24,2640,3,,,,0.191,,9445,,597,,,,,
B24,2640,4,,,,0.121,,12058,,758,,,,,
B24,2640,5,,,,0.087,,13882,,1086,,,,,
B24,2640,6,,,,0.135,,16197,,1165,,,,,
B24,2640,7,,,,0.098,,18266,,1144,,,,,
B24,2640,8,,,,0.095,,21788,,1354,,,,,
B24,2640,9,,,,0.076,,24214,,1387,,,,,
B24,2640,10,,,,0.077,,26935,,1629,,,,,
B24,2640,11,,,,0.071,,29717,,1842,,,,,
B24,2640,12,,,,0.07,,32734,,1821,,,,,
B24,2640,13,,,,0.067,,36315,,1942,,,,,
B24,2640,14,,,,0.063,,38233,,1865,,,,,
B24,2640,15,,,,0.053,,40435,,1851,,,,,
B24,2640,16,,,,0.028,,42338,,1965,,,,,
B24,2640,17,,,,0.007,,44008,,1654,,,,,
B25,2642,0,,,,0.183,,5950,,,300,,,,
B25,2642,1,,,,0.279,,6984,,405,,,,,
B25,2642,2,,,,0.198,,8268,,457,,,,,
B25,2642,3,,,,0.175,,10776,,657,,,,,
B25,2642,4,,,,0.126,,64448,,874,,,,,
B25,2642,5,,,,0.102,,12448,,1198,,,,,
B25,2642,6,,,,0.144,,18262,,1249,,,,,
B25,2642,7,,,,0.155,,20176,,1144,,,,,
B25,2642,8,,,,0.135,,22672,,1200,,,,,
B25,2642,9,,,,0.137,,25063,,1391,,,,,
B25,2642,10,,,,0.086,,26586,,1434,,,,,
B25,2642,11,,,,0.068,,28751,,1482,,,,,
B25,2642,12,,,,0.077,,31490,,1810,,,,,
B25,2642,13,,,,0.042,,34803,,1859,,,,,
B25,2642,14,,,,0.045,,37156,,1691,,,,,
B25,2642,15,,,,0.042,,39548,,1676,,,,,
B25,2642,16,,,,0.244,,41006,,1684,,,,,
B25,2642,17,,,,0.014,,42778,,1666,,,,,
B25,2642,18,,,,0.006,,43420,,923,,,,,
B26,2642,0,,,,0.183,,5950,,,300,,,,
B26,2642,1,,,,0.279,,6984,,405,,,,,
B26,2642,2,,,,0.198,,8268,,457,,,,,
B26,2642,3,,,,0.175,,10776,,657,,,,,
B26,2642,4,,,,0.126,,64448,,874,,,,,
B26,2642,5,,,,0.102,,14744,,1148,,,,,
B26,2642,6,,,,0.144,,18262,,1249,,,,,
B26,2642,7,,,,0.155,,20176,,1144,,,,,
B26,2642,8,,,,0.135,,22672,,1200,,,,,
B26,2642,9,,,,0.137,,25063,,1291,,,,,
B26,2642,10,,,,0.086,,26586,,1434,,,,,
B26,2642,11,,,,0.068,,28751,,1482,,,,,
B26,2642,12,,,,0.077,,31470,,1810,,,,,
B26,2642,13,,,,0.042,,34803,,1859,,,,,
B26,2642,14,,,,0.045,,37156,,1691,,,,,
B26,2642,15,,,,0.042,,39548,,1676,,,,,
B26,2642,16,,,,0.044,,41006,,1684,,,,,
B26,2642,17,,,,0.014,,42778,,1666,,,,,
B26,2642,18,,,,0.006,,43420,,923,,,,,
B27,2644,0,,,,0.174,,5623,,,300,,,,
B27,2644,1,,,,0.23,,6630,,629,,,,,
B27,2644,2,,,,0.215,,9681,,539,,,,,
B27,2644,3,,,,0.187,,11594,,600,,,,,
B27,2644,4,,,,0.112,,13370,,900,,,,,
B27,2644,5,,,,0.123,,15872,,1131,,,,,
B27,2644,6,,,,0.13,,18072,,1271,,,,,
B27,2644,7,,,,0.101,,20901,,1369,,,,,
B27,2644,8,,,,0.098,,23574,,1336,,,,,
B27,2644,9,,,,0.084,,26565,,1656,,,,,
B27,2644,10,,,,0.072,,29400,,1705,,,,,
B27,2644,11,,,,0.058,,31868,,1972,,,,,
B27,2644,12,,,,0.078,,35019,,1861,,,,,
B27,2644,13,,,,0.068,,37822,,1848,,,,,
B27,2644,14,,,,0.022,,39933,,1826,,,,,
B27,2644,15,,,,0.011,,42333,,1873,,,,,
B27,2644,16,,,,0.013,,43808,,1591,,,,,
B27,2644,17,,,,0.005,,44423,,633,,,,,
B28,2647,0,,,,0.194,,6556,,,300,,,,
B28,2647,1,,,,0.153,,7249,,438,,,,,
B28,2647,2,,,,0.139,,8390,,670,,,,,
B28,2647,3,,,,0.121,,11574,,824,,,,,
B28,2647,4,,,,0.106,,15468,,969,,,,,
B28,2647,5,,,,0.065,,17871,,1250,,,,,
B28,2647,6,,,,0.151,,19950,,1268,,,,,
B28,2647,7,,,,0.118,,22263,,1263,,,,,
B28,2647,8,,,,0.072,,25036,,1364,,,,,
B28,2647,9,,,,0.085,,27258,,1729,,,,,
B28,2647,10,,,,0.055,,30725,,1800,,,,,
B28,2647,11,,,,0.081,,34136,,1808,,,,,
B28,2647,12,,,,0.083,,36941,,1907,,,,,
B28,2647,13,,,,0.086,,39882,,1776,,,,,
B28,2647,14,,,,0.056,,41782,,1821,,,,,
B28,2647,15,,,,0.027,,43959,,1871,,,,,
B28,2647,16,,,,0.016,,44558,,1335,,,,,
B28,2647,17,,,,0.005,,44844,,507,,,,,
B29,2648,0,,,,0.109,,5854,,,300,,,,
B29,2648,1,,,,0.224,,6906,,503,,,,,
B29,2648,2,,,,0.18,,7264,,575,,,,,
B29,2648,3,,,,0.101,,11304,,727,,,,,
B29,2648,4,,,,0.095,,13466,,950,,,,,
B29,2648,5,,,,0.099,,13952,,1095,,,,,
B29,2648,6,,,,0.105,,18758,,1129,,,,,
B29,2648,7,,,,0.097,,21477,,1261,,,,,
B29,2648,8,,,,0.084,,24797,,1424,,,,,
B29,2648,9,,,,0.09,,27004,,1540,,,,,
B29,2648,10,,,,0.077,,28895,,1595,,,,,
B29,2648,11,,,,0.068,,32061,,1817,,,,,
B29,2648,12,,,,0.068,,35503,,1789,,,,,
B29,2648,13,,,,0.085,,38437,,1762,,,,,
B29,2648,14,,,,0.073,,40513,,1828,,,,,
B29,2648,15,,,,0.044,,42210,,1788,,,,,
B29,2648,16,,,,0.029,,43630,,1846,,,,,
B29,2648,17,,,,0.011,,44488,,1071,,,,,
B30,2649,0,,,,0.174,,5936,,,300,,,,
B30,2649,1,,,,0.15,,7225,,542,,,,,
B30,2649,2,,,,0.145,,8400,,703,,,,,
B30,2649,3,,,,0.128,,11340,,864,,,,,
B30,2649,4,,,,0.103,,14565,,1092,,,,,
B30,2649,5,,,,0.112,,17187,,1378,,,,,
B30,2649,6,,,,0.117,,19203,,1112,,,,,
B30,2649,7,,,,0.086,,21960,,1338,,,,,
B30,2649,8,,,,0.093,,24904,,1516,,,,,
B30,2649,9,,,,0.148,,27753,,1581,,,,,
B30,2649,10,,,,0.125,,30861,,1762,,,,,
B30,2649,11,,,,0.096,,34101,,1966,,,,,
B30,2649,12,,,,0.094,,37686,,1761,,,,,
B30,2649,13,,,,0.077,,40043,,1956,,,,,
B30,2649,14,,,,0.039,,39361,,1985,,,,,
B30,2649,15,,,,0.036,,42280,,2172,,,,,
B30,2649,16,,,,0.025,,43032,,1022,,,,,
B31,2653,0,,,,0.175,,6072,,,300,,,,
B31,2653,1,,,,0.204,,7290,,606,,,,,
B31,2653,2,,,,0.126,,8509,,558,,,,,
B31,2653,3,,,,0.108,,11705,,710,,,,,
B31,2653,4,,,,0.109,,13674,,861,,,,,
B31,2653,5,,,,0.111,,15904,,1075,,,,,
B31,2653,6,,,,0.127,,18396,,1168,,,,,
B31,2653,7,,,,0.111,,20849,,1335,,,,,
B31,2653,8,,,,0.095,,23324,,1450,,,,,
B31,2653,9,,,,0.095,,25916,,1750,,,,,
B31,2653,10,,,,0.081,,29288,,1836,,,,,
B31,2653,11,,,,0.054,,32396,,1742,,,,,
B31,2653,12,,,,0.08,,35899,,1931,,,,,
B31,2653,13,,,,0.075,,39245,,1864,,,,,
B31,2653,14,,,,0.052,,41271,,1866,,,,,
B31,2653,15,,,,0.024,,42442,,1864,,,,,
B31,2653,16,,,,0.019,,43897,,1495,,,,,
B31,2653,17,,,,0.009,,44518,,594,,,,,
B32,2654,0,,,,0.169,,5594,,,300,,,,
B32,2654,1,,,,0.228,,6600,,348,,,,,
B32,2654,2,,,,0.202,,8054,,531,,,,,
B32,2654,3,,,,0.171,,10962,,736,,,,,
B32,2654,4,,,,0.157,,13261,,845,,,,,
B32,2654,5,,,,0.143,,15890,,1027,,,,,
B32,2654,6,,,,0.098,,18527,,1242,,,,,
B32,2654,7,,,,0.088,,21080,,1400,,,,,
B32,2654,8,,,,0.08,,24196,,1549,,,,,
B32,2654,9,,,,0.081,,26152,,1353,,,,,
B32,2654,10,,,,0.072,,28416,,1407,,,,,
B32,2654,11,,,,0.075,,31354,,1611,,,,,
B32,2654,12,,,,0.07,,33676,,1707,,,,,
B32,2654,13,,,,0.061,,36660,,1819,,,,,
B32,2654,14,,,,0.078,,39208,,1824,,,,,
B32,2654,15,,,,0.041,,40815,,1558,,,,,
B32,2654,16,,,,0.062,,42568,,1791,,,,,
B32,2654,17,,,,0.016,,44216,,1449,,,,,
B32,2654,18,,,,0.005,,44521,,503,,,,,
B33,2655,0,,,,0.18,,5753,,,300,,,,
B33,2655,1,,,,0.121,,7152,,533,,,,,
B33,2655,2,,,,0.151,,8746,,704,,,,,
B33,2655,3,,,,0.117,,11422,,749,,,,,
B33,2655,4,,,,0.115,,13469,,1045,,,,,
B33,2655,5,,,,0.119,,16016,,1349,,,,,
B33,2655,6,,,,0.121,,18806,,1207,,,,,
B33,2655,7,,,,0.101,,21768,,1335,,,,,
B33,2655,8,,,,0.108,,24856,,1629,,,,,
B33,2655,9,,,,0.107,,27824,,1636,,,,,
B33,2655,10,,,,0.066,,30618,,1832,,,,,
B33,2655,11,,,,0.062,,34589,,2065,,,,,
B33,2655,12,,,,0.033,,37356,,1928,,,,,
B33,2655,13,,,,0.045,,39730,,1907,,,,,
B33,2655,14,,,,0.01,,41547,,1700,,,,,
B33,2655,15,,,,0.021,,42924,,1873,,,,,
B33,2655,16,,,,0.003,,43832,,1208,,,,,
B34,2656,0,,,,0.186,,6041,,,300,,,,
B34,2656,1,,,,0.17,,7023,,379,,,,,
B34,2656,2,,,,0.15,,8300,,644,,,,,
B34,2656,3,,,,0.157,,11462,,764,,,,,
B34,2656,4,,,,0.106,,13724,,893,,,,,
B34,2656,5,,,,0.11,,16151,,1221,,,,,
B34,2656,6,,,,0.101,,18291,,1202,,,,,
B34,2656,7,,,,0.055,,21093,,1278,,,,,
B34,2656,8,,,,0.059,,24200,,1728,,,,,
B34,2656,9,,,,0.14,,26247,,1448,,,,,
B34,2656,10,,,,0.083,,28483,,1302,,,,,
B34,2656,11,,,,0.09,,31225,,1475,,,,,
B34,2656,12,,,,0.067,,33481,,1496,,,,,
B34,2656,13,,,,0.037,,36047,,1587,,,,,
B34,2656,14,,,,0.034,,38793,,1649,,,,,
B34,2656,15,,,,0.022,,40641,,1661,,,,,
B34,2656,16,,,,0.033,,42286,,1759,,,,,
B34,2656,17,,,,0.015,,43478,,1524,,,,,
B34,2656,18,,,,0.01,,43955,,690,,,,,
B35,2660,0,,,,0.211,,5632,,,300,,,,
B35,2660,1,,,,0.227,,6188,,528,,,,,
B35,2660,2,,,,0.155,,6907,,540,,,,,
B35,2660,3,,,,0.1,,10683,,705,,,,,
B35,2660,4,,,,0.078,,14134,,1033,,,,,
B35,2660,5,,,,0.067,,16826,,1246,,,,,
B35,2660,6,,,,0.136,,18870,,1230,,,,,
B35,2660,7,,,,0.174,,21416,,1156,,,,,
B35,2660,8,,,,0.145,,23803,,1197,,,,,
B35,2660,9,,,,0.167,,25538,,1297,,,,,
B35,2660,10,,,,0.109,,26888,,1064,,,,,
B35,2660,11,,,,0.067,,29969,,1285,,,,,
B35,2660,12,,,,0.048,,32776,,1459,,,,,
B35,2660,13,,,,0.061,,34551,,1452,,,,,
B35,2660,14,,,,0.05,,36445,,1592,,,,,
B35,2660,15,,,,0.038,,39438,,1552,,,,,
B35,2660,16,,,,0.053,,40651,,1506,,,,,
B35,2660,17,,,,0.05,,41766,,1471,,,,,
B35,2660,18,,,,0.036,,42920,,1534,,,,,
B35,2660,19,,,,0.006,,43690,,853,,,,,
B36,2678,0,,,,0.161,,6241,,,200,,,,
B36,2678,1,,,,0.12,,7088,,442,,,,,
B36,2678,2,,,,0.114,,8379,,617,,,,,
B36,2678,3,,,,0.105,,11144,,743,,,,,
B36,2678,4,,,,0.089,,13717,,970,,,,,
B36,2678,5,,,,0.041,,16234,,1177,,,,,
B36,2678,6,,,,0.071,,19334,,1082,,,,,
B36,2678,7,,,,0.064,,21868,,1490,,,,,
B36,2678,8,,,,0.057,,24952,,1600,,,,,
B36,2678,9,,,,0.048,,28124,,1718,,,,,
B36,2678,10,,,,0.046,,31008,,1600,,,,,
B36,2678,11,,,,0.066,,33821,,1700,,,,,
B36,2678,12,,,,0.071,,36362,,1788,,,,,
B36,2678,13,,,,0.095,,38448,,1711,,,,,
B36,2678,14,,,,0.068,,40507,,1668,,,,,
B36,2678,15,,,,0.031,,42100,,1803,,,,,
B36,2678,16,,,,0.089,,43129,,1725,,,,,
B36,2678,17,,,,0.01,,44370,,966,,,,,
B37,2662,0,,,,0.183,,5850,,,300,,,,
B37,2662,1,,,,0.169,,6878,,623,,,,,
B37,2662,2,,,,0.096,,8298,,570,,,,,
B37,2662,3,,,,0.122,,11267,,876,,,,,
B37,2662,4,,,,0.087,,13740,,882,,,,,
B37,2662,5,,,,0.108,,16695,,1219,,,,,
B37,2662,6,,,,0.091,,19777,,1339,,,,,
B37,2662,7,,,,0.044,,22700,,1389,,,,,
B37,2662,8,,,,0.105,,25272,,1511,,,,,
B37,2662,9,,,,0.08,,26093,,1350,,,,,
B37,2662,10,,,,0.06,,27984,,1505,,,,,
B37,2662,11,,,,0.061,,31725,,1706,,,,,
B37,2662,12,,,,0.068,,35559,,1777,,,,,
B37,2662,13,,,,0.065,,38675,,1707,,,,,
B37,2662,14,,,,0.069,,40909,,1746,,,,,
B37,2662,15,,,,0.053,,42136,,1632,,,,,
B37,2662,16,,,,0.046,,43216,,1661,,,,,
B37,2662,17,,,,0.021,,44335,,995,,,,,
B37,2662,18,,,,0.009,,44600,,218,,,,,
B38,2680,0,,,,0.16,,5841,,,200,,,,
B38,2680,1,,,,0.15,,6802,,609,,,,,
B38,2680,2,,,,0.155,,8034,,661,,,,,
B38,2680,3,,,,0.137,,10879,,776,,,,,
B38,2680,4,,,,0.109,,13151,,1093,,,,,
B38,2680,5,,,,0.099,,15400,,1212,,,,,
B38,2680,6,,,,0.159,,17888,,1179,,,,,
B38,2680,7,,,,0.12,,20710,,1204,,,,,
B38,2680,8,,,,0.115,,23731,,1334,,,,,
B38,2680,9,,,,0.106,,26425,,1402,,,,,
B38,2680,10,,,,0.094,,28896,,1411,,,,,
B38,2680,11,,,,0.095,,31765,,1552,,,,,
B38,2680,12,,,,0.083,,36208,,1777,,,,,
B38,2680,13,,,,0.055,,38142,,1700,,,,,
B38,2680,14,,,,0.027,,39867,,1786,,,,,
B38,2680,15,,,,0.029,,41978,,1881,,,,,
B38,2680,16,,,,0.027,,43594,,1769,,,,,
B38,2680,17,,,,0.01,,44281,,1235,,,,,
B38,2680,18,,,,0.022,,44999,,319,,,,,
B39,2679,0,,,,0.105,,5821,,,200,,,,
B39,2679,1,,,,0.117,,6934,,593,,,,,
B39,2679,2,,,,0.112,,7981,,638,,,,,
B39,2679,3,,,,0.079,,11798,,777,,,,,
B39,2679,4,,,,0.079,,14550,,1026,,,,,
B39,2679,5,,,,0.067,,16932,,1180,,,,,
B39,2679,6,,,,0.076,,18110,,1439,,,,,
B39,2679,7,,,,0.114,,22655,,1508,,,,,
B39,2679,8,,,,0.112,,25087,,1506,,,,,
B39,2679,9,,,,0.08,,28128,,1497,,,,,
B39,2679,10,,,,0.033,,31486,,1676,,,,,
B39,2679,11,,,,0.033,,34000,,1624,,,,,
B39,2679,12,,,,0.032,,37816,,1851,,,,,
B39,2679,13,,,,0.034,,39409,,1842,,,,,
B39,2679,14,,,,0.022,,41262,,1709,,,,,
B39,2679,15,,,,0.023,,43001,,1883,,,,,
B39,2679,16,,,,0.018,,44490,,1509,,,,,
B39,2679,17,,,,0.02,,44910,,542,,,,,
B40,2682,0,,,,0.137,,5587,,,200,,,,
B40,2682,1,,,,0.132,,6321,,544,,,,,
B40,2682,2,,,,0.109,,7257,,618,,,,,
B40,2682,3,,,,0.103,,11321,,811,,,,,
B40,2682,4,,,,0.087,,14089,,1005,,,,,
B40,2682,5,,,,0.087,,16677,,1170,,,,,
B40,2682,6,,,,0.091,,19215,,1252,,,,,
B40,2682,7,,,,0.055,,22446,,1480,,,,,
B40,2682,8,,,,0.069,,25415,,1696,,,,,
B40,2682,9,,,,0.1,,28356,,1733,,,,,
B40,2682,10,,,,0.115,,30940,,1424,,,,,
B40,2682,11,,,,0.109,,33088,,1489,,,,,
B40,2682,12,,,,0.12,,33432,,1547,,,,,
B40,2682,13,,,,0.117,,37697,,1463,,,,,
B40,2682,14,,,,0.095,,39235,,1619,,,,,
B40,2682,15,,,,0.043,,40439,,1509,,,,,
B40,2682,16,,,,0.028,,41800,,1662,,,,,
B40,2682,17,,,,0.022,,42906,,1321,,,,,
B40,2682,18,,,,0.004,,43206,,497,,,,,
B41,2681,0,,,,0.13,,6564,,,200,,,,
B41,2681,1,,,,0.138,,7769,,451,,,,,
B41,2681,2,,,,0.115,,8765,,658,,,,,
B41,2681,3,,,,0.088,,12045,,791,,,,,
B41,2681,4,,,,0.081,,13717,,1100,,,,,
B41,2681,5,,,,0.064,,17811,,1363,,,,,
B41,2681,6,,,,0.087,,20462,,1301,,,,,
B41,2681,7,,,,0.058,,23608,,1459,,,,,
B41,2681,8,,,,0.05,,26151,,1725,,,,,
B41,2681,9,,,,0.035,,28983,,1640,,,,,
B41,2681,10,,,,0.069,,32330,,1873,,,,,
B41,2681,11,,,,0.051,,35840,,1821,,,,,
B41,2681,12,,,,0.062,,38251,,1949,,,,,
B41,2681,13,,,,0.07,,40356,,1960,,,,,
B41,2681,14,,,,0.04,,42137,,1821,,,,,
B41,2681,15,,,,0.021,,43500,,1868,,,,,
B41,2681,16,,,,0.01,,44280,,1020,,,,,
B42,2237,0,,,,0.19,,5594,,,300,,,,
B42,2237,1,,,,0.233,,6430,,494,,,,,
B42,2237,2,,,,0.238,,8090,,610,,,,,
B42,2237,3,,,,0.23,,10950,,664,,,,,
B42,2237,4,,,,0.154,,12532,,820,,,,,
B42,2237,5,,,,0.142,,15048,,1035,,,,,
B42,2237,6,,,,0.15,,17710,,1067,,,,,
B42,2237,7,,,,0.145,,20409,,1135,,,,,
B42,2237,8,,,,0.092,,24442,,1320,,,,,
B42,2237,9,,,,0.105,,27370,,1521,,,,,
B42,2237,10,,,,0.114,,29195,,1268,,,,,
B42,2237,11,,,,0.1,,30976,,1493,,,,,
B42,2237,12,,,,0.094,,33195,,1679,,,,,
B42,2237,13,,,,0.085,,35370,,1776,,,,,
B42,2237,14,,,,0.083,,37755,,1807,,,,,
B42,2237,15,,,,0.065,,40944,,1751,,,,,
B42,2237,16,,,,0.041,,42340,,1537,,,,,
B42,2237,17,,,,0.023,,43952,,1723,,,,,
B42,2237,18,,,,0.002,,44776,,1000,,,,,
B43,2238,0,,,,0.152,,6044,,,300,,,,
B43,2238,1,,,,0.212,,7183,,390,,,,,
B43,2238,2,,,,0.239,,8432,,588,,,,,
B43,2238,3,,,,0.222,,10557,,728,,,,,
B43,2238,4,,,,0.197,,13124,,838,,,,,
B43,2238,5,,,,0.178,,15319,,969,,,,,
B43,2238,6,,,,0.142,,17103,,1121,,,,,
B43,2238,7,,,,0.13,,19596,,1184,,,,,
B43,2238,8,,,,0.128,,22220,,1382,,,,,
B43,2238,9,,,,0.116,,25010,,1386,,,,,
B43,2238,10,,,,0.106,,27611,,1518,,,,,
B43,2238,11,,,,0.08,,30256,,1751,,,,,
B43,2238,12,,,,0.076,,32639,,1795,,,,,
B43,2238,13,,,,0.08,,36040,,1737,,,,,
B43,2238,14,,,,0.066,,38444,,1769,,,,,
B43,2238,15,,,,0.042,,40526,,1789,,,,,
B43,2238,16,,,,0.015,,42601,,1933,,,,,
B43,2238,17,,,,0.002,,44462,,1391,,,,,
B43,2238,18,,,,0.007,,46542,,850,,,,,
B43,2238,19,,,,0.001,,47032,,431,,,,,
B44,2235,0,,,,0.2152,,5749,,,300,,,,
B44,2235,1,,,,0.204,,6266,,437,,,,,
B44,2235,2,,,,0.196,,7921,,626,,,,,
B44,2235,3,,,,0.182,,10932,,807,,,,,
B44,2235,4,,,,0.193,,12919,,848,,,,,
B44,2235,5,,,,0.15,,14774,,939,,,,,
B44,2235,6,,,,0.12,,17717,,1066,,,,,
B44,2235,7,,,,0.086,,19969,,1214,,,,,
B44,2235,8,,,,0.069,,22933,,1275,,,,,
B44,2235,9,,,,0.07,,24768,,1490,,,,,
B44,2235,10,,,,0.062,,27140,,1541,,,,,
B44,2235,11,,,,0.068,,30086,,1843,,,,,
B44,2235,12,,,,0.046,,32639,,1837,,,,,
B44,2235,13,,,,0.057,,35768,,1818,,,,,
B44,2235,14,,,,0.06,,37697,,1787,,,,,
B44,2235,15,,,,0.039,,40014,,1799,,,,,
B44,2235,16,,,,0.027,,42281,,1884,,,,,
B44,2235,17,,,,0.011,,43123,,1204,,,,,
B44,2235,18,,,,0.023,,43326,,285,,,,,
B45,2236,0,,,,0.129,,5855,,,300,,,,
B45,2236,1,,,,0.248,,6262,,565,,,,,
B45,2236,2,,,,0.185,,8199,,618,,,,,
B45,2236,3,,,,0.144,,10776,,728,,,,,
B45,2236,4,,,,0.164,,12675,,865,,,,,
B45,2236,5,,,,0.156,,15138,,1094,,,,,
B45,2236,6,,,,0.13,,18054,,1244,,,,,
B45,2236,7,,,,0.109,,20560,,1224,,,,,
B45,2236,8,,,,0.12,,22915,,1471,,,,,
B45,2236,9,,,,0.108,,25256,,1484,,,,,
B45,2236,10,,,,0.069,,28668,,1655,,,,,
B45,2236,11,,,,0.06,,31760,,1889,,,,,
B45,2236,12,,,,0.071,,34679,,2010,,,,,
B45,2236,13,,,,0.092,,37163,,1893,,,,,
B45,2236,14,,,,0.077,,39888,,1717,,,,,
B45,2236,15,,,,0.031,,43080,,1927,,,,,
B45,2236,16,,,,0.005,,45771,,1643,,,,,
B45,2236,17,,,,0.002,,45897,,673,,,,,
B46,2233,0,,,,0.143,,5977,,,300,,,,
B46,2233,1,,,,0.242,,7556,,513,,,,,
B46,2233,2,,,,0.155,,8640,,490,,,,,
B46,2233,3,,,,0.153,,10960,,783,,,,,
B46,2233,4,,,,0.16,,12837,,914,,,,,
B46,2233,5,,,,0.144,,15154,,928,,,,,
B46,2233,6,,,,0.138,,17187,,1160,,,,,
B46,2233,7,,,,0.098,,20140,,1161,,,,,
B46,2233,8,,,,0.065,,22492,,1424,,,,,
B46,2233,9,,,,0.13,,24617,,1603,,,,,
B46,2233,10,,,,0.065,,27025,,1316,,,,,
B46,2233,11,,,,0.061,,30158,,1509,,,,,
B46,2233,12,,,,0.05,,32994,,1870,,,,,
B46,2233,13,,,,0.063,,36529,,1760,,,,,
B46,2233,14,,,,0.082,,38902,,1814,,,,,
B46,2233,15,,,,0.114,,40749,,1626,,,,,
B46,2233,16,,,,0.076,,43534,,1606,,,,,
B46,2233,17,,,,0.062,,45445,,1514,,,,,
B46,2233,18,,,,0.012,,46964,,710,,,,,
B47,2234,0,,,,0.179,,5862,,,300,,,,
B47,2234,1,,,,0.247,,7832,,559,,,,,
B47,2234,2,,,,0.21,,9429,,564,,,,,
B47,2234,3,,,,0.134,,11236,,681,,,,,
B47,2234,4,,,,0.159,,13042,,894,,,,,
B47,2234,5,,,,0.148,,14798,,895,,,,,
B47,2234,6,,,,0.147,,16717,,977,,,,,
B47,2234,7,,,,0.155,,18831,,1080,,,,,
B47,2234,8,,,,0.14,,21611,,1242,,,,,
B47,2234,9,,,,0.135,,24730,,1300,,,,,
B47,2234,10,,,,0.115,,26702,,1366,,,,,
B47,2234,11,,,,0.12,,29155,,1501,,,,,
B47,2234,12,,,,0.116,,31339,,1451,,,,,
B47,2234,13,,,,0.109,,33702,,1664,,,,,
B47,2234,14,,,,0.097,,36536,,1718,,,,,
B47,2234,15,,,,0.083,,39254,,1797,,,,,
B47,2234,16,,,,0.041,,40658,,1670,,,,,
B47,2234,17,,,,0.043,,42777,,1663,,,,,
B47,2234,18,,,,0.013,,44351,,1217,,,,,
B47,2234,19,,,,0.01,,43865,,461,,,,,
B48,2230,0,,,,0.108,,5759,,,300,,,,
B48,2230,1,,,,0.248,,7403,,506,,,,,
B48,2230,2,,,,0.22,,8362,,585,,,,,
B48,2230,3,,,,0.145,,10576,,686,,,,,
B48,2230,4,,,,0.155,,13247,,907,,,,,
B48,2230,5,,,,0.136,,15741,,992,,,,,
B48,2230,6,,,,0.143,,17374,,1073,,,,,
B48,2230,7,,,,0.114,,20064,,1195,,,,,
B48,2230,8,,,,0.122,,22742,,1404,,,,,
B48,2230,9,,,,0.098,,24966,,1432,,,,,
B48,2230,10,,,,0.094,,27612,,1528,,,,,
B48,2230,11,,,,0.111,,30725,,1731,,,,,
B48,2230,12,,,,0.111,,33274,,1796,,,,,
B48,2230,13,,,,0.078,,35279,,1821,,,,,
B48,2230,14,,,,0.041,,38220,,1936,,,,,
B48,2230,15,,,,0.022,,42030,,1731,,,,,
B48,2230,16,,,,0.016,,45198,,1740,,,,,
B48,2230,17,,,,0.009,,46116,,1240,,,,,
B48,2230,18,,,,0.005,,47030,,397,,,,,
B49,2231,0,,,,0.16,,5481,,,300,,,,
B49,2231,1,,,,0.221,,6307,,519,,,,,
B49,2231,2,,,,0.206,,8228,,544,,,,,
B49,2231,3,,,,0.152,,10865,,686,,,,,
B49,2231,4,,,,0.158,,13188,,936,,,,,
B49,2231,5,,,,0.142,,16102,,929,,,,,
B49,2231,6,,,,0.139,,18519,,1101,,,,,
B49,2231,7,,,,0.124,,21300,,1186,,,,,
B49,2231,8,,,,0.12,,24724,,1347,,,,,
B49,2231,9,,,,0.127,,26692,,1486,,,,,
B49,2231,10,,,,0.111,,28733,,1570,,,,,
B49,2231,11,,,,0.105,,31538,,1735,,,,,
B49,2231,12,,,,0.082,,33894,,1805,,,,,
B49,2231,13,,,,0.118,,36661,,1780,,,,,
B49,2231,14,,,,0.065,,39024,,1668,,,,,
B49,2231,15,,,,0.039,,40802,,1674,,,,,
B49,2231,16,,,,0.026,,42251,,1700,,,,,
B49,2231,17,,,,0.015,,43188,,1474,,,,,
B49,2231,18,,,,0.005,,43540,,560,,,,,
B50,2228,0,,,,0.132,,5368,,,300,,,,
B50,2228,1,,,,0.198,,6209,,511,,,,,
B50,2228,2,,,,0.146,,8199,,608,,,,,
B50,2228,3,,,,0.16,,10869,,764,,,,,
B50,2228,4,,,,0.155,,13097,,843,,,,,
B50,2228,5,,,,0.142,,15595,,998,,,,,
B50,2228,6,,,,0.156,,17557,,1116,,,,,
B50,2228,7,,,,0.158,,20280,,1262,,,,,
B50,2228,8,,,,0.16,,23226,,1304,,,,,
B50,2228,9,,,,0.117,,25901,,1287,,,,,
B50,2228,10,,,,0.05,,28362,,1367,,,,,
B50,2228,11,,,,0.093,,30967,,1668,,,,,
B50,2228,12,,,,0.12,,33775,,1818,,,,,
B50,2228,13,,,,0.111,,36204,,1713,,,,,
B50,2228,14,,,,0.065,,39353,,1761,,,,,
B50,2228,15,,,,0.07,,41381,,1763,,,,,
B50,2228,16,,,,0.073,,42683,,1722,,,,,
B50,2228,17,,,,0.062,,44163,,1498,,,,,
B50,2228,18,,,,0.008,,44488,,684,,,,,
B51,2229,0,,,,0.167,,6038,,,300,,,,
B51,2229,1,,,,0.199,,6756,,398,,,,,
B51,2229,2,,,,0.177,,8531,,546,,,,,
B51,2229,3,,,,0.163,,11016,,740,,,,,
B51,2229,4,,,,0.178,,13193,,897,,,,,
B51,2229,5,,,,0.181,,15319,,954,,,,,
B51,2229,6,,,,0.163,,17303,,1000,,,,,
B51,2229,7,,,,0.145,,19129,,998,,,,,
B51,2229,8,,,,0.133,,21760,,1245,,,,,
B51,2229,9,,,,0.136,,23968,,1310,,,,,
B51,2229,10,,,,0.113,,25868,,1417,,,,,
B51,2229,11,,,,0.108,,28438,,1516,,,,,
B51,2229,12,,,,0.099,,31411,,1492,,,,,
B51,2229,13,,,,0.093,,32944,,1624,,,,,
B51,2229,14,,,,0.092,,35343,,1771,,,,,
B51,2229,15,,,,0.063,,38164,,1726,,,,,
B51,2229,16,,,,0.047,,39640,,1577,,,,,
B51,2229,17,,,,0.065,,41731,,1583,,,,,
B51,2229,18,,,,0.048,,42804,,1315,,,,,
B51,2229,19,,,,0.005,,42978,,891,,,,,
B52,2223,0,,,,0.144,,4818,,,300,,,,
B52,2223,1,,,,0.161,,5714,,580,,,,,
B52,2223,2,,,,0.173,,71101,,702,,,,,
B52,2223,3,,,,0.162,,9153,,845,,,,,
B52,2223,4,,,,0.15,,11783,,861,,,,,
B52,2223,5,,,,0.133,,14322,,1111,,,,,
B52,2223,6,,,,0.101,,17390,,1188,,,,,
B52,2223,7,,,,0.096,,20204,,1232,,,,,
B52,2223,8,,,,0.115,,23701,,1570,,,,,
B52,2223,9,,,,0.119,,26680,,1648,,,,,
B52,2223,10,,,,0.069,,28968,,1631,,,,,
B52,2223,11,,,,0.095,,32179,,1953,,,,,
B52,2223,12,,,,0.107,,34287,,1683,,,,,
B52,2223,13,,,,0.096,,37012,,1690,,,,,
B52,2223,14,,,,0.08,,38640,,1606,,,,,
B52,2223,15,,,,0.048,,40898,,1889,,,,,
B52,2223,16,,,,0.02,,42361,,1766,,,,,
B52,2223,17,,,,0.002,,42706,,748,,,,,
B53,2227,0,,,,0.148,,5512,,,300,,,,
B53,2227,1,,,,0.186,,5893,,528,,,,,
B53,2227,2,,,,0.184,,8217,,680,,,,,
B53,2227,3,,,,0.166,,11033,,758,,,,,
B53,2227,4,,,,0.12,,13483,,927,,,,,
B53,2227,5,,,,0.11,,16032,,1079,,,,,
B53,2227,6,,,,0.1,,18746,,1210,,,,,
B53,2227,7,,,,0.096,,22659,,1366,,,,,
B53,2227,8,,,,0.111,,24667,,1570,,,,,
B53,2227,9,,,,0.116,,27347,,1745,,,,,
B53,2227,10,,,,0.078,,29764,,1737,,,,,
B53,2227,11,,,,0.104,,32512,,1759,,,,,
B53,2227,12,,,,0.075,,35086,,1656,,,,,
B53,2227,13,,,,0.092,,37210,,1714,,,,,
B53,2227,14,,,,0.056,,39546,,1711,,,,,
B53,2227,15,,,,0.028,,41959,,1880,,,,,
B53,2227,16,,,,0.016,,43552,,1697,,,,,
B53,2227,17,,,,0.039,,43899,,719,,,,,
B54,2222,0,,,,0.133,,5368,,,300,,,,
B54,2222,1,,,,0.165,,6319,,541,,,,,
B54,2222,2,,,,0.162,,8163,,700,,,,,
B54,2222,3,,,,0.163,,10611,,865,,,,,
B54,2222,4,,,,0.148,,12768,,944,,,,,
B54,2222,5,,,,0.144,,15215,,1102,,,,,
B54,2222,6,,,,0.154,,1773,,1209,,,,,
B54,2222,7,,,,0.114,,20467,,1317,,,,,
B54,2222,8,,,,0.116,,23646,,1513,,,,,
B54,2222,9,,,,0.105,,26006,,1569,,,,,
B54,2222,10,,,,0.082,,29113,,1743,,,,,
B54,2222,11,,,,0.088,,32578,,1967,,,,,
B54,2222,12,,,,0.094,,35681,,1992,,,,,
B54,2222,13,,,,0.105,,38070,,1715,,,,,
B54,2222,14,,,,0.07,,42344,,1761,,,,,
B54,2222,15,,,,0.036,,42218,,1964,,,,,
B54,2222,16,,,,0.018,,43941,,1464,,,,,
B54,2222,17,,,,0.005,,44015,,347,,,,,
B55,2224,0,,,,0.135,,5310,,,300,,,,
B55,2224,1,,,,0.175,,6312,,594,,,,,
B55,2224,2,,,,0.201,,8887,,617,,,,,
B55,2224,3,,,,0.173,,11407,,750,,,,,
B55,2224,4,,,,0.169,,13943,,858,,,,,
B55,2224,5,,,,0.193,,15475,,1120,,,,,
B55,2224,6,,,,0.205,,18005,,1174,,,,,
B55,2224,7,,,,0.188,,20506,,1189,,,,,
B55,2224,8,,,,0.148,,25199,,1295,,,,,
B55,2224,9,,,,0.133,,26842,,1477,,,,,
B55,2224,10,,,,0.162,,29880,,1615,,,,,
B55,2224,11,,,,0.128,,32748,,1486,,,,,
B55,2224,12,,,,0.09,,35080,,1559,,,,,
B55,2224,13,,,,0.123,,37328,,1889,,,,,
B55,2224,14,,,,0.13,,40796,,1888,,,,,
B55,2224,15,,,,0.096,,43582,,1763,,,,,
B55,2224,16,,,,0.094,,45030,,1641,,,,,
B55,2224,17,,,,0.009,,45984,,1300,,,,,
B55,2224,18,,,,0.025,,46354,,485,,,,,
B56,2216,0,,,,0.153,,5423,,,300,,,,
B56,2216,1,,,,0.162,,5990,,549,,,,,
B56,2216,2,,,,0.178,,7627,,579,,,,,
B56,2216,3,,,,0.155,,11328,,825,,,,,
B56,2216,4,,,,0.17,,14744,,932,,,,,
B56,2216,5,,,,0.049,,16434,,831,,,,,
B56,2216,6,,,,0.154,,18916,,1270,,,,,
B56,2216,7,,,,0.113,,21384,,1245,,,,,
B56,2216,8,,,,0.105,,23925,,1276,,,,,
B56,2216,9,,,,0.127,,26218,,1455,,,,,
B56,2216,10,,,,0.114,,28846,,1499,,,,,
B56,2216,11,,,,0.103,,31662,,1554,,,,,
B56,2216,12,,,,0.11,,33962,,1710,,,,,
B56,2216,13,,,,0.075,,36438,,1860,,,,,
B56,2216,14,,,,0.083,,38581,,1773,,,,,
B56,2216,15,,,,0.082,,40754,,1870,,,,,
B56,2216,16,,,,0.036,,42775,,1770,,,,,
B56,2216,17,,,,0.013,,43766,,1358,,,,,
B56,2216,18,,,,0.005,,43766,,404,,,,,
B57,2221,0,,,,0.117,,5841,,,300,,,,
B57,2221,1,,,,0.161,,6497,,440,,,,,
B57,2221,2,,,,0.124,,9120,,585,,,,,
B57,2221,3,,,,0.12,,10799,,725,,,,,
B57,2221,4,,,,0.119,,13371,,952,,,,,
B57,2221,5,,,,0.135,,15428,,1142,,,,,
B57,2221,6,,,,0.104,,17372,,1010,,,,,
B57,2221,7,,,,0.086,,20266,,1158,,,,,
B57,2221,8,,,,0.068,,23621,,1367,,,,,
B57,2221,9,,,,0.108,,26035,,1725,,,,,
B57,2221,10,,,,0.167,,28179,,1529,,,,,
B57,2221,11,,,,0.112,,30282,,1491,,,,,
B57,2221,12,,,,0.09,,32353,,1738,,,,,
B57,2221,13,,,,0.111,,35296,,1877,,,,,
B57,2221,14,,,,0.065,,37865,,1859,,,,,
B57,2221,15,,,,0.07,,40440,,1820,,,,,
B57,2221,16,,,,0.076,,42311,,1738,,,,,
B57,2221,17,,,,0.03,,43362,,1213,,,,,
B57,2221,18,,,,0.006,,43625,,331,,,,,
B58,2214,0,,,,0.141,,6134,,,300,,,,
B58,2214,1,,,,0.131,,7714,,469,,,,,
B58,2214,2,,,,0.096,,9201,,660,,,,,
B58,2214,3,,,,0.092,,12757,,805,,,,,
B58,2214,4,,,,0.092,,14595,,900,,,,,
B58,2214,5,,,,0.081,,16332,,1100,,,,,
B58,2214,6,,,,0.1,,19166,,1205,,,,,
B58,2214,7,,,,0.093,,21236,,1301,,,,,
B58,2214,8,,,,0.11,,23730,,1464,,,,,
B58,2214,9,,,,0.092,,25939,,1474,,,,,
B58,2214,10,,,,0.077,,28896,,1571,,,,,
B58,2214,11,,,,0.089,,31953,,1758,,,,,
B58,2214,12,,,,0.069,,34294,,1803,,,,,
B58,2214,13,,,,0.069,,36935,,1864,,,,,
B58,2214,14,,,,0.082,,39448,,1899,,,,,
B58,2214,15,,,,0.05,,41529,,1513,,,,,
B58,2214,16,,,,0.088,,43304,,1795,,,,,
B58,2214,17,,,,0.088,,44185,,960,,,,,
B58,2214,18,,,,0.085,,44155,,159,,,,,
B59,2215,0,,,,0.131,,5896,,,300,,,,
B59,2215,1,,,,0.176,,6910,,570,,,,,
B59,2215,2,,,,0.16,,8779,,615,,,,,
B59,2215,3,,,,0.154,,10940,,791,,,,,
B59,2215,4,,,,0.145,,13510,,861,,,,,
B59,2215,5,,,,0.121,,16003,,1043,,,,,
B59,2215,6,,,,0.117,,18192,,1130,,,,,
B59,2215,7,,,,0.099,,20948,,1311,,,,,
B59,2215,8,,,,0.112,,23632,,1533,,,,,
B59,2215,9,,,,0.114,,25907,,1632,,,,,
B59,2215,10,,,,0.088,,29670,,1642,,,,,
B59,2215,11,,,,0.066,,33132,,1859,,,,,
B59,2215,12,,,,0.06,,36705,,1932,,,,,
B59,2215,13,,,,0.069,,38581,,1759,,,,,
B59,2215,14,,,,0.055,,41591,,1772,,,,,
B59,2215,15,,,,0.022,,43837,,1862,,,,,
B59,2215,16,,,,0.01,,45114,,1680,,,,,
B59,2215,17,,,,0.002,,45600,,702,,,,,
B60,2212,0,,,,0.157,,5133,,,300,,,,
B60,2212,1,,,,0.233,,5765,,404,,,,,
B60,2212,2,,,,0.21,,6870,,562,,,,,
B60,2212,3,,,,0.207,,8714,,737,,,,,
B60,2212,4,,,,0.188,,11232,,712,,,,,
B60,2212,5,,,,0.171,,13355,,865,,,,,
B60,2212,6,,,,0.157,,15608,,956,,,,,
B60,2212,7,,,,0.143,,17494,,1000,,,,,
B60,2212,8,,,,0.138,,20274,,1164,,,,,
B60,2212,9,,,,0.152,,21820,,1207,,,,,
B60,2212,10,,,,0.135,,24375,,1186,,,,,
B60,2212,11,,,,0.13,,26595,,1298,,,,,
B60,2212,12,,,,0.122,,28650,,1351,,,,,
B60,2212,13,,,,0.118,,29911,,1445,,,,,
B60,2212,14,,,,0.095,,34344,,1511,,,,,
B60,2212,15,,,,0.084,,37057,,1616,,,,,
B60,2212,16,,,,0.09,,39239,,1626,,,,,
B60,2212,17,,,,0.071,,41372,,1512,,,,,
B60,2212,18,,,,0.077,,42778,,1596,,,,,
B60,2212,19,,,,0.025,,43745,,1380,,,,,
B60,2212,20,,,,0.008,,44243,,574,,,,,
B61,2213,0,,,,0.155,,5765,,,300,,,,
B61,2213,1,,,,0.24,,6355,,482,,,,,
B61,2213,2,,,,0.194,,8655,,541,,,,,
B61,2213,3,,,,0.182,,11378,,670,,,,,
B61,2213,4,,,,0.169,,1417,,814,,,,,
B61,2213,5,,,,0.161,,16632,,981,,,,,
B61,2213,6,,,,0.156,,18593,,1095,,,,,
B61,2213,7,,,,0.142,,20488,,1085,,,,,
B61,2213,8,,,,0.126,,23046,,1238,,,,,
B61,2213,9,,,,0.14,,24553,,1146,,,,,
B61,2213,10,,,,0.14,,26888,,1302,,,,,
B61,2213,11,,,,0.13,,28655,,1349,,,,,
B61,2213,12,,,,0.096,,3075,,1435,,,,,
B61,2213,13,,,,0.101,,33562,,1557,,,,,
B61,2213,14,,,,0.092,,35921,,1574,,,,,
B61,2213,15,,,,0.079,,39290,,1672,,,,,
B61,2213,16,,,,0.06,,41677,,1658,,,,,
B61,2213,17,,,,0.003,,43448,,1713,,,,,
B61,2213,18,,,,0.04,,44909,,1688,,,,,
B61,2213,19,,,,0.009,,44556,,700,,,,,
