brew_hour,hour_interval,temp_c,airflow_m3_h,ph_setpoint,volume_m3,fill_pct,alcohol_target_vv_pct,cell_apparent_gpl,cell_actual_y30_gpl,biomass_y30_kg,growth_modulus,sugar_feed_rate_kg_rs_h,total_rs_kg,wort_kg,ammonia_rate_kg_h,total_ammonia_kg,phosphoric_rate_kg_h,total_h3po4_kg,note
0,0,30,6300,4.5,57.7,38.137,0.2,84.2105,80,,,,,,,,,,
1,0-1,30,6300,4.5,58.2714,38.5147,0.2,85.6973,81.4125,4697.5,1.128119,200,450,571.4286,21.8695,21.8695,22,22,
2,1-2,30,6300,4.8,59.3571,39.2323,0.2,95.4968,90.722,5286.5,1.125386,380,830,1085.7143,26.8211,48.6905,27,49,
3,2-3,30,7000,5.1,60.7857,40.1766,0.18,107.4938,102.1191,6061.5,1.1466,500,1330,1428.5714,30,78.6905,29,78,
4,3-4,30,7000,5.2,62.512,41.3176,0.15,121.1854,115.1262,6998.0263,1.154504,604.2105,1934.2105,1726.3158,35,113.6905,32,110,
5,4-5,30,8400,5.3,64.6173,42.7091,0.13,137.0706,130.217,8140.1316,1.163204,736.8421,2671.0526,2105.2632,41,154.6905,50,160,
6,5-6,30,9800,5.4,67.0973,44.3482,0.12,154.5216,146.7956,9485.5316,1.16528,868,3539.0526,2480,49,203.6905,52,212,
7,6-7,30,10500,5.7,69.8952,46.1975,0.1,172.6227,163.9916,11003.3895,1.160018,979.2632,4518.3158,2797.8947,54.8387,258.5293,53,265,Second add.
8,7-8,30,11200,5.8,73.1226,48.3306,0.1,192.0806,182.4766,12754.2368,1.159119,1129.5789,5647.8947,3227.3684,63.2564,321.7857,65,330,
9,8-9,30,12000,6,76.6173,50.6405,0.08,210.8951,200.3504,14650.1316,1.148648,1223.1579,6871.0526,3494.7368,68.4968,390.2825,65,395,
10,9-10,30,12000,6.2,80.3316,53.0955,0.08,228.9593,217.5114,16665.1316,1.137541,1300,8171.0526,3714.2857,68.4968,458.7794,55,450,
11,10-11,30,12000,6.3,84.1568,55.6238,0.05,245.5656,233.2873,18740.3368,1.124524,1338.8421,9509.8947,3825.2632,74.9752,533.7545,,,
12,11-12,30,12000,6.3,88.014,58.1732,0.05,260.5766,247.5477,20832.8368,1.111658,1350,10859.8947,3857.1429,77.5335,611.288,,,
13,12-13,30,12000,6.3,91.8711,60.7226,0.05,274.1829,260.4738,22925.3368,1.100442,1350,12209.8947,3857.1429,80,691.288,,,
14,13-14,30,12000,6.3,95.4426,63.0831,0.05,284.8709,270.6273,24862.8368,1.084513,1250,13459.8947,3571.4286,80,771.288,,,
15,14-15,30,11000,6.3,98.7283,65.2549,0.03,293.8702,279.1767,26645.3368,1.071693,1150,14609.8947,3285.7143,79,850.288,,,
16,15-16,30,10000,6.5,99.8426,65.9913,0.03,290.5352,276.0084,27249.8368,1.022687,390,14999.8947,1114.2857,,,,,
