item,value,unit,category
protocol_name,ZHENAO TRIAL DIFFERENTIAL BREW PROTOCOL-NOV.2014,,protocol
protocol_date,2014-11-18,,protocol
target_protein,57-58,%,product_target
target_p2o5,2.8-3.0,%,product_target
assumed_yield_y30_per_rs,1.55,kg Y30 / kg RS,assumption
assumed_naf,1.0-1.05,,assumption
assumed_paf,0.85-0.95,,assumption
wort_source,Beet 100% / Cane 0%,,recipe
average_wort_concentration,0.35,kg RS / kg wort,recipe
wort_density,1.24,kg/L,recipe
total_rs,15000,kg,materials
total_wort,42857.14,kg,materials
ammonia_100pct,800,kg,materials
h3po4_100pct,420,kg,materials
mgso4,100,kg,materials
znso4,5,kg,materials
cuso4,180,g,materials
thiamine_b1,1500,g,materials
ca_pantothenate_b5,2500,g,materials
pyridoxine_b6,800,g,materials
biotin,25,g,materials
fermenter_diameter,4,m,equipment
fermenter_height,12,m,equipment
nominal_fermenter_volume,151.30,m3,equipment
fermentation_time,16,h,process
maturation_time,40,min,process
seed_transfer_time,20,min,process
projected_cream_output,27250,kg Y30,process
